{"app":["/app-8885c33e2e77f97a73a5.js"],"component---src-pages-404-js":["/component---src-pages-404-js-dde99c4b2b829011515c.js"],"component---src-pages-about-js":["/component---src-pages-about-js-4c8e267834b930c40cc8.js"],"component---src-pages-index-js":["/component---src-pages-index-js-374890d89373e910ff80.js"],"component---src-templates-post-list-post-list-js":["/component---src-templates-post-list-post-list-js-f810782318dce888201b.js"],"component---src-templates-post-post-js":["/component---src-templates-post-post-js-712248f0a6bb13d5e408.js"]}