{"errors":[],"warnings":[],"namedChunkGroups":{"app":{"chunks":[9,0,8,2],"assets":["webpack-runtime-d027f3a709f85270d1fe.js","webpack-runtime-d027f3a709f85270d1fe.js.map","styles.fbcf174822875c78c57c.css","styles-9b6f388623a2ec93d35f.js","styles-9b6f388623a2ec93d35f.js.map","framework-75da9754c2a76bbaf08a.js","framework-75da9754c2a76bbaf08a.js.map","app-8885c33e2e77f97a73a5.js","app-8885c33e2e77f97a73a5.js.map"],"children":{},"childAssets":{}},"component---src-pages-404-js":{"chunks":[0,1,3],"assets":["styles.fbcf174822875c78c57c.css","styles-9b6f388623a2ec93d35f.js","styles-9b6f388623a2ec93d35f.js.map","commons-883d4065a5e80e659802.js","commons-883d4065a5e80e659802.js.map","component---src-pages-404-js-dde99c4b2b829011515c.js","component---src-pages-404-js-dde99c4b2b829011515c.js.map"],"children":{},"childAssets":{}},"component---src-pages-about-js":{"chunks":[0,1,4],"assets":["styles.fbcf174822875c78c57c.css","styles-9b6f388623a2ec93d35f.js","styles-9b6f388623a2ec93d35f.js.map","commons-883d4065a5e80e659802.js","commons-883d4065a5e80e659802.js.map","component---src-pages-about-js-4c8e267834b930c40cc8.js","component---src-pages-about-js-4c8e267834b930c40cc8.js.map"],"children":{},"childAssets":{}},"component---src-pages-index-js":{"chunks":[0,1,5],"assets":["styles.fbcf174822875c78c57c.css","styles-9b6f388623a2ec93d35f.js","styles-9b6f388623a2ec93d35f.js.map","commons-883d4065a5e80e659802.js","commons-883d4065a5e80e659802.js.map","component---src-pages-index-js-374890d89373e910ff80.js","component---src-pages-index-js-374890d89373e910ff80.js.map"],"children":{},"childAssets":{}},"component---src-templates-post-list-post-list-js":{"chunks":[0,1,6],"assets":["styles.fbcf174822875c78c57c.css","styles-9b6f388623a2ec93d35f.js","styles-9b6f388623a2ec93d35f.js.map","commons-883d4065a5e80e659802.js","commons-883d4065a5e80e659802.js.map","component---src-templates-post-list-post-list-js-f810782318dce888201b.js","component---src-templates-post-list-post-list-js-f810782318dce888201b.js.map"],"children":{},"childAssets":{}},"component---src-templates-post-post-js":{"chunks":[0,1,7],"assets":["styles.fbcf174822875c78c57c.css","styles-9b6f388623a2ec93d35f.js","styles-9b6f388623a2ec93d35f.js.map","commons-883d4065a5e80e659802.js","commons-883d4065a5e80e659802.js.map","component---src-templates-post-post-js-712248f0a6bb13d5e408.js","component---src-templates-post-post-js-712248f0a6bb13d5e408.js.map"],"children":{},"childAssets":{}}},"assetsByChunkName":{"app":["webpack-runtime-d027f3a709f85270d1fe.js","styles.fbcf174822875c78c57c.css","styles-9b6f388623a2ec93d35f.js","framework-75da9754c2a76bbaf08a.js","app-8885c33e2e77f97a73a5.js"],"component---src-pages-404-js":["styles.fbcf174822875c78c57c.css","styles-9b6f388623a2ec93d35f.js","commons-883d4065a5e80e659802.js","component---src-pages-404-js-dde99c4b2b829011515c.js"],"component---src-pages-about-js":["styles.fbcf174822875c78c57c.css","styles-9b6f388623a2ec93d35f.js","commons-883d4065a5e80e659802.js","component---src-pages-about-js-4c8e267834b930c40cc8.js"],"component---src-pages-index-js":["styles.fbcf174822875c78c57c.css","styles-9b6f388623a2ec93d35f.js","commons-883d4065a5e80e659802.js","component---src-pages-index-js-374890d89373e910ff80.js"],"component---src-templates-post-list-post-list-js":["styles.fbcf174822875c78c57c.css","styles-9b6f388623a2ec93d35f.js","commons-883d4065a5e80e659802.js","component---src-templates-post-list-post-list-js-f810782318dce888201b.js"],"component---src-templates-post-post-js":["styles.fbcf174822875c78c57c.css","styles-9b6f388623a2ec93d35f.js","commons-883d4065a5e80e659802.js","component---src-templates-post-post-js-712248f0a6bb13d5e408.js"]}}